<?xml version="1.0" encoding="UTF-8"?>
<project-private xmlns="http://www.netbeans.org/ns/project-private/1">
    <editor-bookmarks xmlns="http://www.netbeans.org/ns/editor-bookmarks/2" lastBookmarkId="0"/>
    <open-files xmlns="http://www.netbeans.org/ns/projectui-open-files/2">
        <group name="All"/>
        <group name="NetBeansProjects"/>
        <group>
            <file>file:/home/csc123/Downloads/project/Java-Swing-Custom-Titlebar-master/src/home20/Home20.java</file>
        </group>
    </open-files>
</project-private>
